Tên doanh nghiệp,Mã số thuế,Ngày cấp
CÔNG TY TNHH THƯƠNG MẠI VÀ DỊCH VỤ TÁM LIÊN,0318991169,06/2025
CÔNG TY TNHH THƯƠNG MẠI THĐ,0111079830,06/2025
CÔNG TY TNHH LEO LOVES TRAVEL,0111080392,06/2025
CÔNG TY TNHH CƠ ĐIỆN LẠNH HANMYCO,4101658748,06/2025
CÔNG TY TNHH VTNN HIỆP THÀNH,1501155648,06/2025
CÔNG TY TNHH DỆT MAY A&E,0801451332,06/2025
CÔNG TY TNHH CƠ KHÍ THƯƠNG MẠI DỊCH VỤ L.A,3502548483,06/2025
CÔNG TY TNHH SX TM VÀ DV CHÍ CƯỜNG,0318990207,06/2025
CÔNG TY CỔ PHẦN TRƯỜNG NGUYÊN SINH,0111081685,06/2025
CÔNG TY TNHH ĐẦU TƯ - XÂY DỰNG - THƯƠNG MẠI - HÀ NỘI - TÂY ĐÔ,1801791468,06/2025
CÔNG TY TNHH PK HOÀNG PHONG,2902227242,06/2025
CÔNG TY TNHH MOMENTO PHÚ QUỐC,1702318236,06/2025
CÔNG TY TNHH VINH PHÙ SA,1801791450,06/2025
CÔNG TY TNHH THƯƠNG MẠI VÀ VẬN TẢI DUY TÙNG,0700897836,06/2025
CÔNG TY TNHH TM QUÀ TẶNG AN MỘC,0318989473,06/2025
CÔNG TY TNHH THIẾT BỊ VÀ GIẢI PHÁP KỸ THUẬT VIỆT AN,3502548451,06/2025
CÔNG TY TNHH GU VỊ QUỐC TẾ,0318992638,06/2025
CÔNG TY TNHH HƯNG HỒNG THÁI NGUYÊN,4601637312,06/2025
CÔNG TY TNHH THỰC NGHIỆP ĐẠI DƯƠNG THỊNH,0318992187,06/2025
CÔNG TY TNHH N.S AUTO,3604022682,06/2025
CÔNG TY TNHH TMDV VT XD QUỐC PHƯƠNG,0318993448,06/2025
CÔNG TY TNHH XÂY DỰNG VÀ VẬN TẢI BẢO LINH,0801451533,06/2025
CÔNG TY TNHH THƯƠNG MẠI VÀ DỊCH VỤ LOAN TÙNG,0111082350,06/2025
CÔNG TY TNHH THƯƠNG MẠI - DỊCH VỤ DU LỊCH THỚI AN KHÁNH AN,1702317842,06/2025
CÔNG TY TNHH ĐẦU TƯ KINH DOANH BẤT ĐỘNG SẢN 186,0318992483,06/2025
CÔNG TY TNHH THỰC PHẨM BÒ VUI,0318990398,06/2025
CÔNG TY TNHH ROBOCASH VIỆT NAM (NT),0315295438,09/2018
CÔNG TY TNHH CÔNG NGHỆ YUESHENGXIN,2301337674,06/2025
CÔNG TY TNHH XÂY DỰNG BẰNG TUYẾT,0111082329,06/2025
CÔNG TY TNHH NET 269 TRƯƠNG THỊ HOA,0318987652,06/2025
CÔNG TY TNHH TM VÀ DV NÔNG NGHIỆP KIÊN PHONG,5200951139,06/2025
CÔNG TY TNHH DƯỢC KCP,0318992469,06/2025
CÔNG TY TNHH THƯƠNG MẠI M&M,5000906361,06/2025
CÔNG TY TNHH SƠN - NGỌC DANH,1501155704,06/2025
CÔNG TY CỔ PHẦN TẬP ĐOÀN AINOVA VIỆT NAM,0111079679,06/2025
CÔNG TY TNHH TM & DV KHẢ NHƯ GROUP,3002291511,06/2025
CÔNG TY TNHH SẢN XUẤT INOX TMDV XUÂN AN PHÚC,1801791725,06/2025
CÔNG TY TNHH THƯƠNG MẠI GAS TRƯỜNG THỊNH,0318992236,06/2025
CÔNG TY TNHH VLXD MINH NHỰT,1602198408,06/2025
CÔNG TY TNHH TRUNG LINH CT,3002291455,06/2025
CÔNG TY TNHH DỊCH VỤ THƯƠNG MẠI VÀ XUẤT NHẬP KHẨU THIÊN TRƯỜNG,0601287036,06/2025
CÔNG TY TNHH HOA NAM ĐÔNG MAI,5702186964,06/2025
CÔNG TY TNHH GIÁO DỤC ÁNH DƯƠNG QUY NHƠN,4101658836,06/2025
CÔNG TY TNHH VICO NLTP,2301337681,06/2025
CÔNG TY TNHH MTV XÂY DỰNG THƯƠNG MẠI ĐỨC CẢNH,6200127237,06/2025
CÔNG TY TNHH ĐÀO TẠO NGHỆ THUẬT THỂ THAO ÁNH DƯƠNG,2301337498,06/2025
CÔNG TY TNHH THƯƠNG MẠI DỊCH VỤ SANG PHÚ,3604023083,06/2025
CÔNG TY TNHH ĐẦU TƯ VÀ THƯƠNG MẠI DỊCH VỤ TIẾN DŨNG,5702186763,06/2025
CÔNG TY TNHH THƯƠNG MẠI VÀ DỊCH VỤ XUÂN MÙI,2902227732,06/2025
CÔNG TY TNHH TM & DV A-Z VINA HƯNG YÊN,0901192071,06/2025
